{"cameraMode":{"drawMode":0,"name":"Shaded","section":"Shading Mode"},"sceneLighting":true,"audioPlay":false,"sceneViewState":{"m_AlwaysRefresh":false,"showFog":true,"showSkybox":true,"showFlares":true,"showImageEffects":true,"showParticleSystems":true,"showVisualEffectGraphs":true,"m_FxEnabled":true},"in2DMode":false,"pivot":{"x":-31.881263732910158,"y":-9.956429481506348,"z":219.16136169433595},"rotation":{"x":0.27502742409706118,"y":0.025377314537763597,"z":-0.0072752200067043308,"w":0.9610774517059326},"size":10.536375999450684,"orthographic":false}