{"cameraMode":{"drawMode":0,"name":"Shaded","section":"Shading Mode"},"sceneLighting":true,"audioPlay":false,"sceneViewState":{"m_AlwaysRefresh":false,"showFog":true,"showSkybox":true,"showFlares":true,"showImageEffects":true,"showParticleSystems":true,"showVisualEffectGraphs":true,"m_FxEnabled":true},"in2DMode":false,"pivot":{"x":-30.11006736755371,"y":-6.559525489807129,"z":238.06170654296876},"rotation":{"x":0.00914054550230503,"y":0.9685622453689575,"z":-0.24599188566207887,"w":0.03606017678976059},"size":3.2771801948547365,"orthographic":false}